{
  "timestamp": "2026-04-02T00:02:49.025517",
  "iterations": 1,
  "selection_strategy": "combined_score",
  "score_weights": {
    "reward_weight": 1.0,
    "completion_weight": 100.0,
    "hard_violation_penalty": 25.0,
    "soft_violation_penalty": 5.0
  },
  "metrics": {
    "rewards": [
      257.49993896484375
    ],
    "reward_per_step": [
      6.130950927734375
    ],
    "hard_violations": [
      0
    ],
    "soft_violations": [
      0
    ],
    "completion_rates": [
      1.0
    ],
    "model_scores": [
      357.49993896484375
    ],
    "actor_losses": [
      0.15775137171149253
    ],
    "critic_losses": [
      15676.2119140625
    ]
  }
}