{
  "timestamp": "2026-03-27T23:24:15.662334",
  "iterations": 100,
  "selection_strategy": "combined_score",
  "score_weights": {
    "reward_weight": 1.0,
    "completion_weight": 100.0,
    "hard_violation_penalty": 25.0,
    "soft_violation_penalty": 5.0
  },
  "metrics": {
    "rewards": [
      111.08001708984375,
      113.8600082397461,
      122.18000793457031,
      64.76000213623047,
      113.10000610351562,
      135.94000244140625,
      100.14000701904297,
      50.68000030517578,
      101.32001495361328,
      119.54000854492188,
      111.60000610351562,
      70.27999877929688,
      95.1400146484375,
      128.1000213623047,
      110.46000671386719,
      102.28001403808594,
      142.20001220703125,
      106.75999450683594,
      110.06001281738281,
      99.06001281738281,
      120.10000610351562,
      133.50001525878906,
      144.02001953125,
      100.7400131225586,
      127.68000793457031,
      129.8800048828125,
      105.90000915527344,
      110.06001281738281,
      124.92001342773438,
      118.40000915527344,
      115.20001220703125,
      107.3600082397461,
      133.8400115966797,
      102.82000732421875,
      116.00001525878906,
      126.2800064086914,
      121.72000885009766,
      124.34001159667969,
      117.72001647949219,
      125.68000793457031,
      110.68001556396484,
      135.58001708984375,
      119.62001037597656,
      124.52000427246094,
      102.94001770019531,
      121.56001281738281,
      106.8600082397461,
      98.32000732421875,
      124.8600082397461,
      143.55999755859375,
      120.08000183105469,
      105.52000427246094,
      135.00001525878906,
      102.70001220703125,
      127.02001190185547,
      133.16001892089844,
      120.86001586914062,
      124.72000122070312,
      130.1400146484375,
      111.56001281738281,
      128.98001098632812,
      113.84001159667969,
      143.260009765625,
      118.260009765625,
      118.260009765625,
      135.3400115966797,
      113.54000854492188,
      117.68000793457031,
      130.92001342773438,
      125.78001403808594,
      113.760009765625,
      127.3800048828125,
      128.54000854492188,
      142.40000915527344,
      122.04000854492188,
      103.06001281738281,
      116.56001281738281,
      124.18001556396484,
      127.12001037597656,
      143.70001220703125,
      117.260009765625,
      113.60000610351562,
      120.30001068115234,
      106.50000762939453,
      110.12001037597656,
      138.98001098632812,
      121.38001251220703,
      135.0600128173828,
      112.38002014160156,
      138.78001403808594,
      116.28001403808594,
      135.60000610351562,
      126.56001281738281,
      133.36001586914062,
      130.54000854492188,
      116.0400161743164,
      112.24000549316406,
      147.96002197265625,
      140.10000610351562,
      121.34001159667969
    ],
    "hard_violations": [
      0,
      0,
      0,
      0,
      0,
      0,
      0,
      0,
      0,
      0,
      0,
      0,
      0,
      0,
      0,
      0,
      0,
      0,
      0,
      0,
      0,
      0,
      0,
      0,
      0,
      0,
      0,
      0,
      0,
      0,
      0,
      0,
      0,
      0,
      0,
      0,
      0,
      0,
      0,
      0,
      0,
      0,
      0,
      0,
      0,
      0,
      0,
      0,
      0,
      0,
      0,
      0,
      0,
      0,
      0,
      0,
      0,
      0,
      0,
      0,
      0,
      0,
      0,
      0,
      0,
      0,
      0,
      0,
      0,
      0,
      0,
      0,
      0,
      0,
      0,
      0,
      0,
      0,
      0,
      0,
      0,
      0,
      0,
      0,
      0,
      0,
      0,
      0,
      0,
      0,
      0,
      0,
      0,
      0,
      0,
      0,
      0,
      0,
      0,
      0
    ],
    "soft_violations": [
      0,
      0,
      0,
      0,
      0,
      0,
      0,
      0,
      0,
      0,
      0,
      0,
      0,
      0,
      0,
      0,
      0,
      0,
      0,
      0,
      0,
      0,
      0,
      0,
      0,
      0,
      0,
      0,
      0,
      0,
      0,
      0,
      0,
      0,
      0,
      0,
      0,
      0,
      0,
      0,
      0,
      0,
      0,
      0,
      0,
      0,
      0,
      0,
      0,
      0,
      0,
      0,
      0,
      0,
      0,
      0,
      0,
      0,
      0,
      0,
      0,
      0,
      0,
      0,
      0,
      0,
      0,
      0,
      0,
      0,
      0,
      0,
      0,
      0,
      0,
      0,
      0,
      0,
      0,
      0,
      0,
      0,
      0,
      0,
      0,
      0,
      0,
      0,
      0,
      0,
      0,
      0,
      0,
      0,
      0,
      0,
      0,
      0,
      0,
      0
    ],
    "completion_rates": [
      1.0,
      1.0,
      1.0,
      1.0,
      1.0,
      1.0,
      1.0,
      1.0,
      1.0,
      1.0,
      1.0,
      1.0,
      1.0,
      1.0,
      1.0,
      1.0,
      1.0,
      1.0,
      1.0,
      1.0,
      1.0,
      1.0,
      1.0,
      1.0,
      1.0,
      1.0,
      1.0,
      1.0,
      1.0,
      1.0,
      1.0,
      1.0,
      1.0,
      1.0,
      1.0,
      1.0,
      1.0,
      1.0,
      1.0,
      1.0,
      1.0,
      1.0,
      1.0,
      1.0,
      1.0,
      1.0,
      1.0,
      1.0,
      1.0,
      1.0,
      1.0,
      1.0,
      1.0,
      1.0,
      1.0,
      1.0,
      1.0,
      1.0,
      1.0,
      1.0,
      1.0,
      1.0,
      1.0,
      1.0,
      1.0,
      1.0,
      1.0,
      1.0,
      1.0,
      1.0,
      1.0,
      1.0,
      1.0,
      1.0,
      1.0,
      1.0,
      1.0,
      1.0,
      1.0,
      1.0,
      1.0,
      1.0,
      1.0,
      1.0,
      1.0,
      1.0,
      1.0,
      1.0,
      1.0,
      1.0,
      1.0,
      1.0,
      1.0,
      1.0,
      1.0,
      1.0,
      1.0,
      1.0,
      1.0,
      1.0
    ],