{
  "timestamp": "2026-01-07T09:38:02.191421",
  "iterations": 100,
  "metrics": {
    "rewards": [
      415.71990966796875,
      397.87994384765625,
      404.6598205566406,
      423.3997802734375,
      405.1397705078125,
      379.97991943359375,
      410.6798400878906,
      414.75982666015625,
      383.8597717285156,
      386.05987548828125,
      398.35986328125,
      415.63983154296875,
      418.6597900390625,
      404.8998718261719,
      413.8798828125,
      400.7799072265625,
      411.4198303222656,
      378.25982666015625,
      420.4998779296875,
      418.259765625,
      412.03997802734375,
      390.5398254394531,
      398.9000244140625,
      402.21990966796875,
      402.15985107421875,
      399.87982177734375,
      419.03985595703125,
      392.9997863769531,
      388.5398254394531,
      386.9399108886719,
      411.5398864746094,
      379.8799133300781,
      405.0398254394531,
      403.17987060546875,
      416.3798522949219,
      388.0798645019531,
      399.23980712890625,
      433.3998718261719,
      409.119873046875,
      422.0599060058594,
      413.1998596191406,
      385.71990966796875,
      429.23980712890625,
      411.91986083984375,
      419.8997802734375,
      401.85986328125,
      383.0198974609375,
      398.71978759765625,
      411.85992431640625,
      416.8398742675781,
      391.59979248046875,
      418.7999267578125,
      400.2598571777344,
      413.05987548828125,
      403.31982421875,
      440.3198547363281,
      431.1798400878906,
      402.8797912597656,
      406.97979736328125,
      397.4399108886719,
      406.079833984375,
      400.39990234375,
      409.5398254394531,
      409.35980224609375,
      405.49981689453125,
      416.8597717285156,
      399.2198486328125,
      424.31988525390625,
      389.43988037109375,
      381.7998962402344,
      420.55975341796875,
      409.7398986816406,
      390.1997985839844,
      408.9197998046875,
      418.7398681640625,
      410.13983154296875,
      390.93988037109375,
      422.9598388671875,
      404.4598693847656,
      392.15985107421875,
      414.099853515625,
      400.61993408203125,
      408.99981689453125,
      414.4998779296875,
      409.9197998046875,
      431.63983154296875,
      416.39984130859375,
      391.31982421875,
      437.5798645019531,
      391.699951171875,
      407.9798278808594,
      382.2799377441406,
      415.9398193359375,
      419.3198547363281,
      408.13983154296875,
      430.1798095703125,
      411.77984619140625,
      416.5198974609375,
      366.6199035644531,
      415.8398742675781
    ],
    "hard_violations": [
      0,
      0,
      0,
      0,
      0,
      0,
      0,
      0,
      0,
      0,
      0,
      0,
      0,
      0,
      0,
      0,
      0,
      0,
      0,
      0,
      0,
      0,
      0,
      0,
      0,
      0,
      0,
      0,
      0,
      0,
      0,
      0,
      0,
      0,
      0,
      0,
      0,
      0,
      0,
      0,
      0,
      0,
      0,
      0,
      0,
      0,
      0,
      0,
      0,
      0,
      0,
      0,
      0,
      0,
      0,
      0,
      0,
      0,
      0,
      0,
      0,
      0,
      0,
      0,
      0,
      0,
      0,
      0,
      0,
      0,
      0,
      0,
      0,
      0,
      0,
      0,
      0,
      0,
      0,
      0,
      0,
      0,
      0,
      0,
      0,
      0,
      0,
      0,
      0,
      0,
      0,
      0,
      0,
      0,
      0,
      0,
      0,
      0,
      0,
      0
    ],
    "soft_violations": [
      0,
      0,
      0,
      0,
      0,
      0,
      0,
      0,
      0,
      0,
      0,
      0,
      0,
      0,
      0,
      0,
      0,
      0,
      0,
      0,
      0,
      0,
      0,
      0,
      0,
      0,
      0,
      0,
      0,
      0,
      0,
      0,
      0,
      0,
      0,
      0,
      0,
      0,
      0,
      0,
      0,
      0,
      0,
      0,
      0,
      0,
      0,
      0,
      0,
      0,
      0,
      0,
      0,
      0,
      0,
      0,
      0,
      0,
      0,
      0,
      0,
      0,
      0,
      0,
      0,
      0,
      0,
      0,
      0,
      0,
      0,
      0,
      0,
      0,
      0,
      0,
      0,
      0,
      0,
      0,
      0,
      0,
      0,
      0,
      0,
      0,
      0,
      0,
      0,
      0,
      0,
      0,
      0,
      0,
      0,
      0,
      0,
      0,
      0,
      0
    ],
    "completion_rates": [
      1.0,
      1.0,
      1.0,
      1.0,
      1.0,
      1.0,
      1.0,
      1.0,
      1.0,
      1.0,
      1.0,
      1.0,
      1.0,
      1.0,
      1.0,
      1.0,
      1.0,
      1.0,
      1.0,
      1.0,
      1.0,
      1.0,
      1.0,
      1.0,
      1.0,
      1.0,
      1.0,
      1.0,
      1.0,
      1.0,
      1.0,
      1.0,
      1.0,
      1.0,
      1.0,
      1.0,
      1.0,
      1.0,
      1.0,
      1.0,
      1.0,
      1.0,
      1.0,
      1.0,
      1.0,
      1.0,
      1.0,
      1.0,
      1.0,
      1.0,
      1.0,
      1.0,
      1.0,
      1.0,
      1.0,
      1.0,
      1.0,
      1.0,
      1.0,
      1.0,
      1.0,
      1.0,
      1.0,
      1.0,
      1.0,
      1.0,
      1.0,
      1.0,
      1.0,
      1.0,
      1.0,
      1.0,
      1.0,
      1.0,
      1.0,
      1.0,
      1.0,
      1.0,
      1.0,
      1.0,
      1.0,
      1.0,
      1.0,
      1.0,
      1.0,
      1.0,
      1.0,
      1.0,
      1.0,
      1.0,
      1.0,
      1.0,
      1.0,
      1.0,
      1.0,
      1.0,
      1.0,
      1.0,
      1.0,
      1.0
    ],