{
  "timestamp": "2026-03-27T22:17:10.529681",
  "iterations": 24,
  "selection_strategy": "combined_score",
  "score_weights": {
    "reward_weight": 1.0,
    "completion_weight": 100.0,
    "hard_violation_penalty": 25.0,
    "soft_violation_penalty": 5.0
  },
  "metrics": {
    "rewards": [
      216.01995849609375,
      225.81997680664062,
      217.93995666503906,
      214.81997680664062,
      223.19998168945312,
      225.63995361328125,
      190.719970703125,
      212.19998168945312,
      202.95999145507812,
      203.63998413085938,
      212.07997131347656,
      219.8599853515625,
      228.3599395751953,
      216.73995971679688,
      220.7599639892578,
      210.71998596191406,
      167.0599822998047,
      219.5999755859375,
      212.79998779296875,
      186.239990234375,
      209.95997619628906,
      214.219970703125,
      220.05996704101562,
      225.89993286132812
    ],
    "hard_violations": [
      0,
      0,
      0,
      0,
      0,
      0,
      0,
      0,
      0,
      0,
      0,
      0,
      0,
      0,
      0,
      0,
      0,
      0,
      0,
      0,
      0,
      0,
      0,
      0
    ],
    "soft_violations": [
      0,
      0,
      0,
      0,
      0,
      0,
      0,
      0,
      0,
      0,
      0,
      0,
      0,
      0,
      0,
      0,
      0,
      0,
      0,
      0,
      0,
      0,
      0,
      0
    ],
    "completion_rates": [
      1.0,
      1.0,
      1.0,
      1.0,
      1.0,
      1.0,
      1.0,
      1.0,
      1.0,
      1.0,
      1.0,
      1.0,
      1.0,
      1.0,
      1.0,
      1.0,
      1.0,
      1.0,
      1.0,
      1.0,
      1.0,
      1.0,
      1.0,
      1.0
    ],
    "model_scores": [
      316.01995849609375,
      325.8199768066406,
      317.93995666503906,
      314.8199768066406,
      323.1999816894531,
      325.63995361328125,
      290.719970703125,
      312.1999816894531,
      302.9599914550781,
      303.6399841308594,
      312.07997131347656,
      319.8599853515625,
      328.3599395751953,
      316.7399597167969,
      320.7599639892578,
      310.71998596191406,
      267.0599822998047,
      319.5999755859375,
      312.79998779296875,
      286.239990234375,
      309.95997619628906,
      314.219970703125,
      320.0599670410156,
      325.8999328613281
    ],
    "actor_losses": [
      0.12380940727889538,
      0.15282753966748713,
      0.1507592849433422,
      0.13347219303250313,
      0.1471928261220455,
      0.12461611069738865,
      0.11911702267825604,
      0.14738433063030243,
      0.10173100307583809,
      0.10905215591192245,
      0.11055168583989143,
      0.08220526743680238,
      0.11207458078861236,
      0.08639700226485729,
      0.045822058734484014,
      0.07089904323220253,
      0.03982918514520861,
      0.05947145503014326,
      0.042938153297291136,
      0.049693135457346216,
      0.04891293807886541,
      -0.01179353330662707,
      -0.005978626548312604,
      -0.012696603752556258
    ],
    "critic_losses": [
      12975.25595703125,
      14013.86689453125,
      12771.3734375,
      12221.3572265625,
      12673.4626953125,
      13266.3119140625,
      8427.63564453125,
      11758.319921875,
      10125.0955078125,
      10376.31455078125,
      11285.37939453125,
      12239.93515625,
      13124.30517578125,
      11581.29560546875,
      12394.94833984375,
      10781.1828125,
      5400.752783203125,
      11453.46328125,
      11388.02529296875,
      7789.605712890625,
      10798.31474609375,
      11123.9587890625,
      11619.7189453125,
      12422.16513671875
    ]
  }
}